GivenName,Surname,EmailAddress,TelephoneNumber
Allen,Chavez,AllenLChavez@gustr.com,040-7397775
Steven,Ha,StevenSHa@teleworm.us,0246-8010351
Nicole,Furey,NicoleJFurey@dayrep.com,0381-4685420
Linda,Keppler,LindaGKeppler@fleckens.hu,0390-2232039
Theodore,Favorite,TheodoreOFavorite@superrito.com,0530-6100854
William,Gustafson,WilliamAGustafson@dayrep.com,0485-4842725
Cynthia,Harley,CynthiaJHarley@jourrapide.com,0383-6034594
Josephine,Sylvester,JosephineLSylvester@jourrapide.com,08-9356700
Vera,Wilkinson,VeraJWilkinson@cuvox.de,0250-6238657
John,Drapeau,JohnCDrapeau@gustr.com,0471-5311966
Peter,Ingram,PeterNIngram@dayrep.com,035-2957121
Willie,Earley,WillieGEarley@gustr.com,0477-9379693
Stephen,Jarosz,StephenCJarosz@armyspy.com,08-5139000
Janice,Recinos,JaniceJRecinos@cuvox.de,08-7000260
Lauren,Harr,LaurenDHarr@cuvox.de,0431-4041079
Sally,Lynch,SallyDLynch@superrito.com,0912-6673516
Cheryl,Beecham,CherylJBeecham@cuvox.de,0455-2743828
Robbie,Martinsen,RobbieBMartinsen@jourrapide.com,0975-6997681
Paul,White,PaulGWhite@einrot.com,0501-2287260
Alfred,Morgan,AlfredAMorgan@rhyta.com,0250-4281383
Pedro,Labat,PedroDLabat@gustr.com,0320-6152565
Ethel,Wood,EthelDWood@armyspy.com,0459-8282183
Wanda,Alexander,WandaJAlexander@einrot.com,0380-7967439
Irma,Martinez,IrmaJMartinez@teleworm.us,0459-4349959
John,Fortin,JohnRFortin@dayrep.com,0570-5979754
Karolyn,Marsh,KarolynRMarsh@rhyta.com,0470-9775535
Gary,Ramos,GaryCRamos@fleckens.hu,0431-6611953
Genevieve,Starr,GenevieveBStarr@einrot.com,031-3575450
Robert,Pfister,RobertRPfister@gustr.com,0320-2348075
Lanny,Colley,LannyKColley@gustr.com,018-4030867
Victor,Gregory,VictorEGregory@rhyta.com,031-8870212
Janet,Kaylor,JanetWKaylor@teleworm.us,0515-2326896
Tiffany,Souza,TiffanyWSouza@fleckens.hu,0981-5648599
Robert,Barbour,RobertTBarbour@teleworm.us,0141-9289008
Katherine,White,KatherineAWhite@armyspy.com,0303-5190514
Kerry,Williams,KerryJWilliams@cuvox.de,036-6986042
Norma,Rogers,NormaERogers@fleckens.hu,0304-3195607
Joan,Berry,JoanWBerry@dayrep.com,0933-7505097
Sara,Walker,SaraCWalker@dayrep.com,0370-8150103
Leon,Pennington,LeonHPennington@fleckens.hu,0922-9604142
Frances,Harris,FrancesDHarris@jourrapide.com,0411-2266889
Grace,Kimble,GraceJKimble@jourrapide.com,0684-8992057
Anne,Duncan,AnneEDuncan@superrito.com,0304-6216097
Roderick,Wilson,RoderickBWilson@fleckens.hu,0175-6421035
Hazel,McLaren,HazelJMcLaren@jourrapide.com,0670-5202395
Beatrice,Kiss,BeatriceJKiss@teleworm.us,0934-3750208
Monica,Weathers,MonicaDWeathers@einrot.com,0491-9122783
Emma,Blackford,EmmaPBlackford@teleworm.us,0612-3756400
Emma,Wormley,EmmaRWormley@jourrapide.com,0171-5324880
Rebbeca,West,RebbecaAWest@gustr.com,0493-7677905
Rebecca,Johnson,RebeccaWJohnson@superrito.com,0171-3552220
Donald,McDowell,DonaldDMcDowell@rhyta.com,036-6561976
Leola,Floyd,LeolaBFloyd@dayrep.com,070-9719893
Kay,Mireles,KayDMireles@einrot.com,0370-9233519
Arthur,Moody,ArthurAMoody@gustr.com,08-2679633
Kenneth,Jones,KennethLJones@fleckens.hu,0455-9165982
Jack,Franklin,JackNFranklin@cuvox.de,0552-7688307
Cheryl,Garica,CherylTGarica@armyspy.com,0121-5982286
Richard,John,RichardMJohn@dayrep.com,0534-8525551
Katherine,Everson,KatherineREverson@dayrep.com,0477-4221521
David,Fernandes,DavidTFernandes@armyspy.com,0253-7506780
Mary,Dominguez,MaryNDominguez@rhyta.com,0470-2428045
Pauline,Childers,PaulineAChilders@rhyta.com,073-9311811
Iris,True,IrisKTrue@dayrep.com,0977-9108127
Edward,Ritchie,EdwardFRitchie@rhyta.com,0942-7185850
Scott,Cannon,ScottBCannon@teleworm.us,0290-3635291
Warren,Newsome,WarrenPNewsome@cuvox.de,0924-4516167
Francine,Tatum,FrancineRTatum@jourrapide.com,0480-8091839
Robert,Rodriguez,RobertMRodriguez@gustr.com,0410-7025887
Robert,Tomko,RobertATomko@armyspy.com,046-2434854
Pearl,Luna,PearlJLuna@gustr.com,0390-9217260
Bonnie,Lane,BonnieDLane@fleckens.hu,0418-6603536
Lynda,Boucher,LyndaJBoucher@dayrep.com,035-2451745
Patricia,Adams,PatriciaPAdams@jourrapide.com,0523-8883050
Mitzi,Emerick,MitziJEmerick@cuvox.de,0961-8575441
Charles,Pratt,CharlesTPratt@einrot.com,0585-3536864
David,Vance,DavidTVance@dayrep.com,0708-5792333
Michael,Martinez,MichaelCMartinez@einrot.com,044-5986609
Richard,Beck,RichardLBeck@superrito.com,040-6993461
Michael,Roberts,MichaelERoberts@armyspy.com,0923-2952401
Amanda,Bean,AmandaSBean@dayrep.com,0304-9181398
Catherine,Jackson,CatherineRJackson@fleckens.hu,042-6962037
Vernon,Stuckey,VernonDStuckey@jourrapide.com,0911-5543409
Lowell,Campbell,LowellSCampbell@rhyta.com,0918-8817312
Lindsay,Morris,LindsayHMorris@dayrep.com,044-4684489
Stephen,Jacobs,StephenVJacobs@rhyta.com,08-6876786
John,Walker,JohnFWalker@superrito.com,016-3564266
Penelope,Daniels,PenelopeJDaniels@gustr.com,0910-2968313
Lorrie,Rios,LorrieLRios@armyspy.com,0532-6602217
Jon,Wagner,JonMWagner@superrito.com,0278-6532631
Richard,Wright,RichardLWright@teleworm.us,0495-6379409
Bill,Evans,BillLEvans@gustr.com,08-7478959
Beverly,Shea,BeverlyCShea@teleworm.us,054-7253724
Keith,Botello,KeithABotello@cuvox.de,0734-2745225
Richard,Summers,RichardGSummers@rhyta.com,0325-7637393
Charles,Morrissey,CharlesRMorrissey@armyspy.com,0932-4988924
Jarrett,Fleming,JarrettMFleming@gustr.com,0340-8072304
Geraldine,Figueroa,GeraldineGFigueroa@fleckens.hu,0480-3189346
Michelle,Harris,MichellePHarris@fleckens.hu,0613-8559633
Frederick,Ross,FrederickLRoss@cuvox.de,0431-7190379
